{
  "packet": {
    "interval": 2,
    "outHumidity": 44.0,
    "maxSolarRad": 442.6033626669229,
    "consBatteryVoltage": 4.77,
    "monthRain": 0.69,
    "sunrise": 1480429500,
    "heatindex": 80.97340257190011,
    "forecastRule": 187,
    "inDewpoint": 58.625631032841284,
    "inHumidity": 36.0,
    "windSpeed10": 3.0,
    "yearRain": 2.21,
    "inTemp": 89.1,
    "sunaz": 319.890232,
    "sunalt": 77.8923,
    "barometer": 29.856,
    "windchill": 80.9,
    "dewpoint": 56.9159769749953,
    "humidex": 86.79197224086536,
    "forecastIcon": 3,
    "usUnits": 1,
    "appTemp": 81.39028316915696,
    "dateTime": 1480408557,
    "windDir": 167.0,
    "outTemp": 80.9,
    "windSpeed": 3.0,
    "sunset": 1480380060,
    "windGust": 3.0,
    "windGustDir": 167.0,
    "cloudbase": 6080.914323864705
  },
  "record": {
    "windGust": 6.0,
    "altimeter": 29.87586136398276,
    "outHumidity": 43.0,
    "rxCheckPercent": 99.08333333333333,
    "maxSolarRad": 873.0151949589583,
    "consBatteryVoltage": 4.76,
    "windchill": 77.6,
    "windDir": 157.5,
    "lowOutTemp": 76.4,
    "outTemp": 77.6,
    "rainRate": 0.0,
    "forecastRule": 45,
    "inTemp": 74.0,
    "windrun": 27.5,
    "windGustDir": 157.5,
    "barometer": 29.897,
    "txBatteryStatus": 0,
    "dewpoint": 53.310024292660074,
    "rain": 0.0,
    "interval": 30,
    "pressure": 29.210324857457508,
    "ET": 0.0,
    "usUnits": 1,
    "humidex": 81.51717530780654,
    "appTemp": 77.50172316501988,
    "inDewpoint": 52.47528959973715,
    "heatindex": 77.6,
    "dateTime": 1480469400,
    "inHumidity": 47.0,
    "windSpeed": 2.0,
    "highOutTemp": 78.0,
    "cloudbase": 6150.449024395436
  }
}